code;value
AD;ANDORRE
AE;EMIRATS ARABES UNIS
AF;AFGHANISTAN
AG;ANTIGUA-ET-BARBUDA
AI;ANGUILLA
AL;ALBANIE
AM;ARMENIE
AO;ANGOLA
AQ;ANTARCTIQUE
AR;ARGENTINE
AS;SAMOA AMERICAINES
AT;AUTRICHE
AU;AUSTRALIE
AW;ARUBA
AX;ALAND ILES
AZ;AZERBAIDJAN
BA;BOSNIE-HERZEGOVINE
BB;BARBADE
BD;BANGLADESH
BE;BELGIQUE
BF;BURKINA FASO
BG;BULGARIE
BH;BAHREIN
BI;BURUNDI
BJ;BENIN
BM;BERMUDES
BN;BRUNEI DARUSSALAM
BO;BOLIVIE ETAT PLURINATIONAL DE
BQ;BONAIRE SAINT-EUSTACHE ET SABA
BR;BRESIL
BS;BAHAMAS
BT;BHOUTAN
BV;BOUVET ILE
BW;BOTSWANA
BY;BELARUS
BZ;BELIZE
CA;CANADA
CC;COCOS (KEELING) ILES
CD;CONGO REPUBLIQUE DEMOCRATIQUE DU
CF;CENTRAFRICAINE REPUBLIQUE
CG;CONGO
CH;SUISSE
CI;COTE D'IVOIRE
CK;COOK ILES
CL;CHILI
CM;CAMEROUN
CN;CHINE
CO;COLOMBIE
CR;COSTA RICA
CU;CUBA
CV;CABO VERDE
CW;CURACAO
CX;CHRISTMAS ILE
CY;CHYPRE
CZ;TCHEQUIE LA
DE;ALLEMAGNE
DJ;DJIBOUTI
DK;DANEMARK
DM;DOMINIQUE
DO;DOMINICAINE REPUBLIQUE
DZ;ALGERIE
EC;EQUATEUR
EE;ESTONIE
EG;EGYPTE
EH;SAHARA OCCIDENTAL
ER;ERYTHREE
ES;ESPAGNE
ET;ETHIOPIE
FI;FINLANDE
FJ;FIDJI
FK;FALKLAND ILES MALVINAS
FM;MICRONESIE ETATS FEDERES DE
FO;FEROE ILES
GA;GABON
GB;ROYAUME-UNI DE GRANDE-BRETAGNE ET D'IRLANDE DU NORD
GD;GRENADE
GE;GEORGIE
GG;GUERNESEY
GH;GHANA
GI;GIBRALTAR
GL;GROENLAND
GM;GAMBIE
GN;GUINEE
GQ;GUINEE EQUATORIALE
GR;GRECE
GS;GEORGIE DU SUD-ET-LES ILES SANDWICH DU SUD
GT;GUATEMALA
GU;GUAM
GW;GUINEE-BISSAU
GY;GUYANA
HK;HONG KONG
HM;HEARD-ET-ILES MACDONALD ILE
HN;HONDURAS
HR;CROATIE
HT;HAITI
HU;HONGRIE
ID;INDONESIE
IE;IRLANDE
IL;ISRAEL
IM;ILE DE MAN
IN;INDE
IO;OCEAN INDIEN TERRITOIRE BRITANNIQUE DE L
IQ;IRAQ
IR;IRAN REPUBLIQUE ISLAMIQUE D
IS;ISLANDE
IT;ITALIE
JE;JERSEY
JM;JAMAIQUE
JO;JORDANIE
JP;JAPON
KE;KENYA
KG;KIRGHIZISTAN
KH;CAMBODGE
KI;KIRIBATI
KM;COMORES
KN;SAINT-KITTS-ET-NEVIS
KP;COREE REPUBLIQUE POPULAIRE DEMOCRATIQUE DE
KR;COREE REPUBLIQUE DE
KW;KOWEIT
KY;CAIMANS ILES
KZ;KAZAKHSTAN
LA;LAO REPUBLIQUE DEMOCRATIQUE POPULAIRE
LB;LIBAN
LC;SAINTE-LUCIE
LI;LIECHTENSTEIN
LK;SRI LANKA
LR;LIBERIA
LS;LESOTHO
LT;LITUANIE
LU;LUXEMBOURG
LV;LETTONIE
LY;LIBYE
MA;MAROC
MD;MOLDOVA REPUBLIQUE DE
ME;MONTENEGRO
MG;MADAGASCAR
MH;MARSHALL ILES
MK;MACEDOINE L'EX-REPUBLIQUE YOUGOSLAVE DE
ML;MALI
MM;MYANMAR
MN;MONGOLIE
MO;MACAO
MP;MARIANNES DU NORD ILES
MR;MAURITANIE
MS;MONTSERRAT
MT;MALTE
MU;MAURICE
MV;MALDIVES
MW;MALAWI
MX;MEXIQUE
MY;MALAISIE
MZ;MOZAMBIQUE
NA;NAMIBIE
NE;NIGER
NF;NORFOLK ILE
NG;NIGERIA
NI;NICARAGUA
NL;PAYS-BAS
NO;NORVEGE
NP;NEPAL
NR;NAURU
NU;NIUE
NZ;NOUVELLE-ZELANDE
OM;OMAN
PA;PANAMA
PE;PEROU
PG;PAPOUASIE-NOUVELLE-GUINEE
PH;PHILIPPINES
PK;PAKISTAN
PL;POLOGNE
PN;PITCAIRN
PR;PORTO RICO
PS;PALESTINE ETAT DE
PT;PORTUGAL
PW;PALAOS
PY;PARAGUAY
QA;QATAR
RO;ROUMANIE
RS;SERBIE
RU;RUSSIE FEDERATION DE
RW;RWANDA
SA;ARABIE SAOUDITE
SB;SALOMON ILES
SC;SEYCHELLES
SD;SOUDAN
SE;SUEDE
SG;SINGAPOUR
SH;SAINTE-HELENE ASCENSION ET TRISTAN DA CUNHA
SI;SLOVENIE
SJ;SVALBARD ET ILE JAN MAYEN
SK;SLOVAQUIE
SL;SIERRA LEONE
SM;SAINT-MARIN
SN;SENEGAL
SO;SOMALIE
SR;SURINAME
SS;SOUDAN DU SUD
ST;SAO TOME-ET-PRINCIPE
SV;EL SALVADOR
SX;SAINT-MARTIN PARTIE NEERLANDAISE
SY;SYRIENNE REPUBLIQUE ARABE
SZ;ESWATINI
TC;TURKS-ET-CAICOS ILES
TD;TCHAD
TF;TERRES AUSTRALES FRANCAISES
TG;TOGO
TH;THAILANDE
TJ;TADJIKISTAN
TK;TOKELAU
TL;TIMOR-LESTE
TM;TURKMENISTAN
TN;TUNISIE
TO;TONGA
TR;TURQUIE
TT;TRINITE-ET-TOBAGO
TV;TUVALU
TW;TAIWAN PROVINCE DE CHINE
TZ;TANZANIE REPUBLIQUE-UNIE DE
UA;UKRAINE
UG;OUGANDA
UM;ILES MINEURES ELOIGNEES DES ETATS-UNIS
US;ETATS-UNIS D'AMERIQUE
UY;URUGUAY
UZ;OUZBEKISTAN
VA;SAINT-SIEGE
VC;SAINT-VINCENT-ET-LES GRENADINES
VE;VENEZUELA REPUBLIQUE BOLIVARIENNE DU
VG;ILES VIERGES BRITANNIQUES
VI;ILES VIERGES DES ETATS-UNIS
VN;VIET NAM
VU;VANUATU
WS;SAMOA
YE;YEMEN
ZA;AFRIQUE DU SUD
ZM;ZAMBIE
ZW;ZIMBABWE
